,1,2,3,4,5,6,7,8,9,10,11,12,13,14,15,16,17,18,19,20,21,22,23,24,25,26,27,28,29,30,31,32,33,34,35,36,37,38,39,40,41,42,43,44,45,46,47,48,49,50,51,52,53,54,55,56,57,58,59,60,61,62,63,64,65,66,67,68,69,70,71,72,73,74,75,76,77,78,79,80,81,82,83,84,85,86,87,88,89,90,91,92,93,94,95,96,97,98,99
3, 0.4444444444570763, 0.33333333333303017, 0.22222222220989352,,,,,,,,,,,,,,,,,,,,,,,,,,,,,,,,,,,,,,,,,,,,,,,,,,,,,,,,,,,,,,,,,,,,,,,,,,,,,,,,,,,,,,,,,,,,,,,,
4, 0.40909090907940554, 0.2727272727257912, 0.18181818182320356, 0.13636363637159873,,,,,,,,,,,,,,,,,,,,,,,,,,,,,,,,,,,,,,,,,,,,,,,,,,,,,,,,,,,,,,,,,,,,,,,,,,,,,,,,,,,,,,,,,,,,,,,
5, 0.38400000000493345, 0.2399999999984076, 0.1599999999968828, 0.1199999999984751,0.096,,,,,,,,,,,,,,,,,,,,,,,,,,,,,,,,,,,,,,,,,,,,,,,,,,,,,,,,,,,,,,,,,,,,,,,,,,,,,,,,,,,,,,,,,,,,,,
6, 0.3649635036451216, 0.2189781021907125, 0.14598540146221592, 0.10948905109666306,0.087591241,0.072992701,,,,,,,,,,,,,,,,,,,,,,,,,,,,,,,,,,,,,,,,,,,,,,,,,,,,,,,,,,,,,,,,,,,,,,,,,,,,,,,,,,,,,,,,,,,,,
7, 0.34985422742004946, 0.2040816326554359, 0.13605442176545943, 0.10204081632157912,0.081632653,0.088371441,0.058309038,,,,,,,,,,,,,,,,,,,,,,,,,,,,,,,,,,,,,,,,,,,,,,,,,,,,,,,,,,,,,,,,,,,,,,,,,,,,,,,,,,,,,,,,,,,,
8,0.337465565, 0.19283746557120465, 0.1285583103787385,0.096418733,0.077134986,0.064279155,0.055096419,0.048209366,,,,,,,,,,,,,,,,,,,,,,,,,,,,,,,,,,,,,,,,,,,,,,,,,,,,,,,,,,,,,,,,,,,,,,,,,,,,,,,,,,,,,,,,,,,
9, 0.32705504453332696, 0.18396846255502616, 0.1226456417038265,0.091984231,0.073587385,0.061322821,0.052562418, 0.045992115633633486,0.040881881,,,,,,,,,,,,,,,,,,,,,,,,,,,,,,,,,,,,,,,,,,,,,,,,,,,,,,,,,,,,,,,,,,,,,,,,,,,,,,,,,,,,,,,,,,
10, 0.31813718613891784, 0.17674288119406223, 0.11782858746412042,0.088371441,0.070697152, 0.058914293729342274,0.050497966,0.04418572,0.039276196,0.035348576,,,,,,,,,,,,,,,,,,,,,,,,,,,,,,,,,,,,,,,,,,,,,,,,,,,,,,,,,,,,,,,,,,,,,,,,,,,,,,,,,,,,,,,,,
11, 0.31037922922261024, 0.17070857607775364, 0.11380571738655942,0.085354288,0.06828343,0.056902859,0.048773879,0.042677144, 0.037935239125359864, 0.034141715212307626, 0.031037922919894247,,,,,,,,,,,,,,,,,,,,,,,,,,,,,,,,,,,,,,,,,,,,,,,,,,,,,,,,,,,,,,,,,,,,,,,,,,,,,,,,,,,,,,,,
12, 0.3035443370639908, 0.16556963840284727, 0.11037975893612491,0.082784819,0.066227855, 0.055189879466158456, 0.047305610970208904, 0.041392409598279764,0.036793253,0.033113928,0.030103571,0.02759494,,,,,,,,,,,,,,,,,,,,,,,,,,,,,,,,,,,,,,,,,,,,,,,,,,,,,,,,,,,,,,,,,,,,,,,,,,,,,,,,,,,,,,,
13, 0.2974586706269682, 0.16112344659675717, 0.10741563106921748,0.080561723,0.064449379,0.053707816,0.04603527, 0.040280861652642344,0.03580521, 0.032224689321016076,0.029295172, 0.026853907766340928, 0.024788222552972725,,,,,,,,,,,,,,,,,,,,,,,,,,,,,,,,,,,,,,,,,,,,,,,,,,,,,,,,,,,,,,,,,,,,,,,,,,,,,,,,,,,,,,
14, 0.2919913123242028, 0.15722609125874656, 0.10481739417616559,0.078613046,0.062890437,0.052408697,0.04492174,0.039306523,0.034939131,0.031445218, 0.028586562046474848, 0.026204348542111743,0.024188629, 0.022460870178156615,,,,,,,,,,,,,,,,,,,,,,,,,,,,,,,,,,,,,,,,,,,,,,,,,,,,,,,,,,,,,,,,,,,,,,,,,,,,,,,,,,,,,
15, 0.2870415017693255, 0.1537722330967876, 0.10251482206676743,0.076886117,0.061508893,0.051257411, 0.043934923741966246,0.038443058,0.034171607, 0.030754446617943743, 0.027958587834080284, 0.025628705514221757, 0.023657266628218016, 0.021967461868816995, 0.020502964410699234,,,,,,,,,,,,,,,,,,,,,,,,,,,,,,,,,,,,,,,,,,,,,,,,,,,,,,,,,,,,,,,,,,,,,,,,,,,,,,,,,,,,
16, 0.28253022978221853, 0.15068278922399012, 0.10045519282067929,0.075341395,0.060273116,0.050227596, 0.043052225497846895,0.037670697, 0.033485064275724015,0.030136558, 0.027396870770295737,0.025113798, 0.023181967574038797, 0.021526112746906807, 0.020091038563385556, 0.018835348652804545,,,,,,,,,,,,,,,,,,,,,,,,,,,,,,,,,,,,,,,,,,,,,,,,,,,,,,,,,,,,,,,,,,,,,,,,,,,,,,,,,,,
17, 0.27839453337730813, 0.14789709586406283,0.098598064,0.073948548,0.059158838, 0.049299031957475085, 0.042256313106052816,0.036974274, 0.032866021303827694,0.029579419, 0.026890381065898077, 0.024649515976666998,0.022753399, 0.021128156550761834,0.019719613, 0.018487136981394106,0.017399658,,,,,,,,,,,,,,,,,,,,,,,,,,,,,,,,,,,,,,,,,,,,,,,,,,,,,,,,,,,,,,,,,,,,,,,,,,,,,,,,,,
18, 0.2745835216121079, 0.14536774674112224,0.096911831,0.072683873,0.058147099, 0.048455915580275684, 0.041533641925378055, 0.036341936684178316,0.032303944, 0.029073549346527085, 0.026430499405598686, 0.024227957788187194,0.022364269,0.020766821, 0.019382366230032488, 0.018170968340540536,0.017102088, 0.016151971858111815,,,,,,,,,,,,,,,,,,,,,,,,,,,,,,,,,,,,,,,,,,,,,,,,,,,,,,,,,,,,,,,,,,,,,,,,,,,,,,,,,
19, 0.2710555438846295, 0.14305709260786573,0.095371395,0.071528546,0.057222837,0.047685698,0.040873455, 0.035764273149720166,0.031790465, 0.028611418519270772,0.02601038, 0.023842848765789994, 0.022008783476037113, 0.020436727513417813, 0.019074279012503005, 0.017882136574220955,0.016830246, 0.015895232510459593, 0.015058641325734864,,,,,,,,,,,,,,,,,,,,,,,,,,,,,,,,,,,,,,,,,,,,,,,,,,,,,,,,,,,,,,,,,,,,,,,,,,,,,,,,
20,0.267776131, 0.14093480591465068,0.093956537,0.070467403,0.056373922, 0.046978268638460864,0.040267087, 0.035233701477837734, 0.031318845757607204, 0.028186961181434947,0.02562451,0.023489134,0.021682278,0.020133544,0.018791307, 0.017616850737237236, 0.016580565399639396, 0.015659422877347756, 0.014835242725839474, 0.014093480589496218,,,,,,,,,,,,,,,,,,,,,,,,,,,,,,,,,,,,,,,,,,,,,,,,,,,,,,,,,,,,,,,,,,,,,,,,,,,,,,,
21, 0.26471647288651234, 0.13897614826758173,0.092650766,0.069488074, 0.055590459305514775,0.046325383,0.039707471, 0.034744037064563416, 0.030883588501511038, 0.027795229651115198, 0.025268390591741144,0.023162691, 0.021380945885106823, 0.019853735464682734, 0.018530153100336684, 0.017372018531551996, 0.016350135088521924,0.015441794,0.014629068, 0.013897614825313796,0.013235824,,,,,,,,,,,,,,,,,,,,,,,,,,,,,,,,,,,,,,,,,,,,,,,,,,,,,,,,,,,,,,,,,,,,,,,,,,,,,,
22, 0.26185227075005313, 0.1371607132558684,0.091440476,0.068580357,0.054864285,0.045720238,0.039188775,0.034290178, 0.030480158499866586, 0.027432142649473332, 0.024938311499174814, 0.022860118873951518, 0.021101648191095713, 0.019594387605815007, 0.018288095098594283, 0.017145089154796768, 0.016136554498523508, 0.015240079248519625, 0.014437969814320656, 0.013716071323555007, 0.013062925070017094, 0.012469155748629635,,,,,,,,,,,,,,,,,,,,,,,,,,,,,,,,,,,,,,,,,,,,,,,,,,,,,,,,,,,,,,,,,,,,,,,,,,,,,
23, 0.25916286582744474, 0.13547149804767877,0.090314332,0.067735749,0.054188599,0.045157166, 0.038706142296886056,0.033867875, 0.030104777341362444, 0.027094299607002208, 0.024631181460748823, 0.022578583005572535,0.020841769,0.019353071, 0.018062866404326222, 0.016933937254051252,0.015937823, 0.015052388670297755, 0.014260157687679903, 0.013547149803331875, 0.012902047431785559, 0.012315590730385326, 0.011780130263894005,,,,,,,,,,,,,,,,,,,,,,,,,,,,,,,,,,,,,,,,,,,,,,,,,,,,,,,,,,,,,,,,,,,,,,,,,,,,
24, 0.2566305631195494, 0.13389420684995573,0.089262805,0.066947103,0.053557683,0.044631402,0.038255488,0.033473552,0.029754268, 0.026778841367802512, 0.024344401243139083, 0.022315701139283262,0.020599109, 0.019127743833302548,0.017852561, 0.016736775853903547, 0.015752259627120076, 0.014877134092217477, 0.014094127034687157, 0.013389420682922273,0.012751829,0.012172201, 0.011642974506865793, 0.011157850569087961,,,,,,,,,,,,,,,,,,,,,,,,,,,,,,,,,,,,,,,,,,,,,,,,,,,,,,,,,,,,,,,,,,,,,,,,,,,
25, 0.2542401040601774, 0.13241672086495893,0.088277814,0.06620836,0.052966688, 0.044138906952351474, 0.037833348815819436,0.03310418, 0.029425937967300773, 0.026483344170397896,0.024075767, 0.022069453475153336, 0.020371803207794414, 0.018916674407223156,0.017655563, 0.016552090106343023, 0.015578437747175728, 0.014712968983481034, 0.013938602194919849, 0.013241672085221047,0.012611116, 0.012037883713936787, 0.011514497465557475,0.011034727, 0.010593337668416709,,,,,,,,,,,,,,,,,,,,,,,,,,,,,,,,,,,,,,,,,,,,,,,,,,,,,,,,,,,,,,,,,,,,,,,,,,
26, 0.2519782494400513, 0.13102868971212006,0.08735246,0.065514345,0.052411476,0.04367623,0.037436768, 0.032757172425523666, 0.029117486600048804, 0.026205737939711867,0.023823398,0.021838115, 0.020158259953054446, 0.018718384242001333, 0.017470491959111625, 0.016378586211602892,0.01541514, 0.014558743299134928,0.013792494, 0.013102868969208105,0.012478923, 0.011911699062939552, 0.011393799103702919, 0.010919057474408496, 0.010482295175462624,0.01007913,,,,,,,,,,,,,,,,,,,,,,,,,,,,,,,,,,,,,,,,,,,,,,,,,,,,,,,,,,,,,,,,,,,,,,,,,
27, 0.24983344677206584, 0.12972121274579235,0.086480808,0.064860606,0.051888485,0.043240404,0.037063204,0.032430303,0.028826936, 0.025944242546724686,0.023585675, 0.021620202122209598, 0.019957109651279354, 0.018531601819071535, 0.017296161697838857, 0.016215151591771254, 0.015261319145249547, 0.014413468081681306, 0.013654864498493745,0.012972121, 0.012354401213039622, 0.011792837521597026, 0.011280105455498773, 0.010810101061576378, 0.010377697019168384,0.009978555,0.009608979,,,,,,,,,,,,,,,,,,,,,,,,,,,,,,,,,,,,,,,,,,,,,,,,,,,,,,,,,,,,,,,,,,,,,,,,
28, 0.24779556229824726, 0.12848658785936848,0.085657725,0.064243294,0.051394635,0.042828863,0.036710454, 0.032121646961782734, 0.028552575076808747,0.025697318, 0.023361197789714284, 0.021414431307110876,0.019767167, 0.018355226834529864, 0.017131545045529915, 0.016060823480172126, 0.015116069157811832, 0.014276287537947812, 0.013524903983342426, 0.012848658784205706, 0.012236817889755417, 0.011680598894806202, 0.011172746768987631, 0.010707215653657762, 0.010278927027557424,0.009883584,0.009517525,0.009177613,,,,,,,,,,,,,,,,,,,,,,,,,,,,,,,,,,,,,,,,,,,,,,,,,,,,,,,,,,,,,,,,,,,,,,,
29, 0.24585566348689325, 0.12731811145271604,0.084878741,0.063659056, 0.050927244579807365,0.04243937,0.036376603,0.031829528,0.028292914, 0.025463622287643765, 0.023148747533907697, 0.021219685239163292, 0.019587401759026585,0.018188302, 0.016975748190883787, 0.015914763928858076, 0.014978601344735918, 0.014146456825531966, 0.013401906466257853, 0.012731811142922966, 0.012125534421820692, 0.011574373766282052, 0.011071140124276223,0.010609843, 0.010185448914364638,0.009793701,0.009430971,0.009094151,0.008780559,,,,,,,,,,,,,,,,,,,,,,,,,,,,,,,,,,,,,,,,,,,,,,,,,,,,,,,,,,,,,,,,,,,,,,
30, 0.24400584102283435, 0.12620991776908455,0.084139945,0.063104959,0.050483967,0.042069973, 0.036059976502235504, 0.031552479439146186, 0.028046648390146464, 0.025241983551000928, 0.022947257773560423, 0.021034986292392928,0.01941691,0.018029988, 0.016827989033945216,0.01577624, 0.014848225618268516, 0.014023324195082358, 0.013285254500658756, 0.012620991775682289, 0.012019992167373948, 0.011473628887096472, 0.010974775457280041, 0.010517493146616546,0.010096793,0.009708455,0.009348883,0.009014994,0.008704132,0.008413995,,,,,,,,,,,,,,,,,,,,,,,,,,,,,,,,,,,,,,,,,,,,,,,,,,,,,,,,,,,,,,,,,,,,,
31,0.242239062, 0.12515684873242294,0.083437899,0.062578424,0.050062739,0.04171895,0.0357591,0.031289212,0.027812633, 0.025031369743148176,0.022755791, 0.020859474785627826,0.0192549, 0.017879549816089923,0.01668758,0.015644606,0.014724335,0.013906317, 0.013174405127616761, 0.012515684871261841, 0.011919699877424122, 0.011377895337577652, 0.010883204235983697, 0.010429737392860053,0.010012548,0.00962745,0.009270878,0.008939775,0.008631507,0.00834379,0.008074635,,,,,,,,,,,,,,,,,,,,,,,,,,,,,,,,,,,,,,,,,,,,,,,,,,,,,,,,,,,,,,,,,,,,
32, 0.24054904855287185, 0.1241543476370301,0.082769565,0.062077174, 0.049661739051796425,0.041384783,0.035472671, 0.031038586906665177,0.027589855, 0.024830869525268057, 0.022573517750268064,0.020692391, 0.019100668865714193, 0.017736335375374494,0.016553913, 0.015519293453596265, 0.014606393838754131,0.013794928, 0.013068878697975433,0.012415435, 0.011824223584016486, 0.011286758875716407, 0.010796030229007374, 0.010346195636190225,0.009932348,0.009550334,0.009196618,0.008868168,0.008562369,0.008276957,0.008009958,0.007759647,,,,,,,,,,,,,,,,,,,,,,,,,,,,,,,,,,,,,,,,,,,,,,,,,,,,,,,,,,,,,,,,,,,
33, 0.23893017561076468, 0.12319837179721566,0.082132248,0.061599186,0.049279349,0.041066124, 0.035199534795686466, 0.030799592945916148, 0.027377415951724816,0.024639674, 0.022399703960320875, 0.020533061963598057, 0.018953595658704813,0.017599767, 0.016426449570929254, 0.015399796472790191, 0.014493926092088898, 0.013688707975917492, 0.012968249661454186, 0.012319837178441725, 0.011733178265243428, 0.011199851980520308, 0.010712901894470687, 0.010266530982259912,0.00985587,0.009476798,0.009125805,0.008799884,0.008496439,0.008213225,0.007948282,0.007699898,0.007466568,,,,,,,,,,,,,,,,,,,,,,,,,,,,,,,,,,,,,,,,,,,,,,,,,,,,,,,,,,,,,,,,,,
34, 0.23737738616054221, 0.12228532014315252,0.081523547,0.06114266,0.048914128, 0.040761773377356765,0.034938663,0.03057133, 0.027174515583609313, 0.024457064024990875, 0.022233694567989418, 0.020380886687195364,0.018813126, 0.017469331446035272, 0.016304709349605474, 0.015285665015247201, 0.014386508249651547, 0.013587257791356283, 0.012872138960259847, 0.012228532012281168, 0.011646220964116659,0.011116847, 0.010633506097758623, 0.010190443343732846,0.009782826,0.009406563,0.009058172,0.008734666,0.00843347,0.008152355,0.007889375,0.007642833,0.007411232,0.007193254,,,,,,,,,,,,,,,,,,,,,,,,,,,,,,,,,,,,,,,,,,,,,,,,,,,,,,,,,,,,,,,,,
35, 0.23588611890503175, 0.1214119729618929,0.080941315,0.060705986, 0.048564789181638104,0.040470658,0.034689135,0.030352993, 0.026980438433690718,0.024282395, 0.022074904173088918, 0.020235328825399128, 0.018678765069677028, 0.017344567564783225,0.016188263, 0.015176496619350112, 0.014283761524177567, 0.013490219217359595, 0.012780207679681457, 0.012141197295771526,0.011563045,0.011037452, 0.010557562866079498, 0.010117664413385586,0.009712958,0.009339383,0.008993479,0.008672284,0.00837324,0.008094132,0.007833031,0.007588248,0.007358301,0.007141881,0.006937827,,,,,,,,,,,,,,,,,,,,,,,,,,,,,,,,,,,,,,,,,,,,,,,,,,,,,,,,,,,,,,,,
36, 0.23445224718950242, 0.12057544140845562,0.080383628,0.060287721,0.048230177,0.040191814,0.034450126, 0.030143860348675593, 0.026794542532005316,0.024115088,0.021922808,0.020095907, 0.018550067906719828, 0.017225063056284268,0.016076726, 0.015071930174362818, 0.014185346046525665, 0.013397271266231943, 0.012692151725973587,0.012057544, 0.011483375371253525, 0.010961403763536218, 0.010484820991273625, 0.010047953450033498,0.009646035,0.009275034,0.008931514,0.008612532,0.008315548,0.008038363,0.007779061,0.007535965,0.007307603,0.007092673,0.006890025,0.006698636,,,,,,,,,,,,,,,,,,,,,,,,,,,,,,,,,,,,,,,,,,,,,,,,,,,,,,,,,,,,,,,
37, 0.23307202681468442, 0.1197731248889807,0.07984875,0.059886562, 0.047909249951600306,0.039924375,0.034220893, 0.029943281218134964, 0.026616249971379354,0.023954625, 0.021776931794450158, 0.019962187478165187,0.018426635, 0.017110446409801135, 0.015969749982487128, 0.014971640608603275, 0.014090955866953784,0.013308125, 0.012607697354729516, 0.011977312487044643, 0.011406964273430234, 0.010888465897421313, 0.010415054336720813,0.009981094,0.00958185,0.009213317,0.008872083,0.008555223,0.008260216,0.007984875,0.007727298,0.00748582,0.007258977,0.007045478,0.006844179,0.006654062,0.006474223,,,,,,,,,,,,,,,,,,,,,,,,,,,,,,,,,,,,,,,,,,,,,,,,,,,,,,,,,,,,,,
38, 0.23174205138386209, 0.11900267503030623,0.079335117,0.059501338,0.04760107, 0.039667558340713165, 0.034000764291923835, 0.029750668755416643, 0.026445038893744614, 0.023800535004444127,0.02163685, 0.019833779170555534, 0.018308103849847737, 0.017000382146390946,0.015867023, 0.014875334378284092, 0.014000314709065757, 0.013222519447538416, 0.012526597371434408, 0.011900267502939738, 0.011333588098109849,0.010818425, 0.010348058698400966,0.00991689,0.009520214,0.009154052,0.008815013,0.008500191,0.008207081,0.007933512,0.007677592,0.007437667,0.007212283,0.007000157,0.006800153,0.00661126,0.006432577,0.006263299,,,,,,,,,,,,,,,,,,,,,,,,,,,,,,,,,,,,,,,,,,,,,,,,,,,,,,,,,,,,,
39, 0.2304592138991945, 0.11826196502264827,0.07884131,0.059130983,0.047304786,0.039420655,0.033789133, 0.029565491252527425, 0.026280436668850472,0.023652393,0.021502175, 0.019710327501719326, 0.018194148463196357, 0.016894566430190452, 0.015768262001595246, 0.014782745626581491, 0.013913172354515453,0.013140218, 0.012448627896307445, 0.011826196501571313, 0.011263044287286816, 0.010751087728846427, 0.010283649132009243,0.009855164,0.009460957,0.009097074,0.008760146,0.008447283,0.008155998,0.007884131,0.007629804,0.007391373,0.007167392,0.006956586,0.006757827,0.006570109,0.006392539,0.006224314,0.006064716,,,,,,,,,,,,,,,,,,,,,,,,,,,,,,,,,,,,,,,,,,,,,,,,,,,,,,,,,,,,
40, 0.22922067348578481, 0.11754906332215667,0.078366042, 0.058774531657129286,0.047019625,0.039183021,0.033585447,0.029387266, 0.026122014067824984, 0.023509812660934246, 0.021372556964434974,0.019591511,0.018084471, 0.016792723329243343, 0.015673208440677714, 0.014693632913195004, 0.013829301565425502, 0.013061007034081983, 0.012373585611306373,0.011754906, 0.011195148886558993, 0.010686278482694442, 0.010221657679167469,0.009795755,0.009403925,0.009042236,0.008707338,0.008396362,0.008106832,0.007836604,0.007583811,0.007346816,0.007124186,0.006914651,0.006717089,0.006530504,0.006354003,0.006186793,0.006028157,0.005877453,,,,,,,,,,,,,,,,,,,,,,,,,,,,,,,,,,,,,,,,,,,,,,,,,,,,,,,,,,,
41, 0.22802382662815332, 0.11686221114198941,0.077908141,0.058431106, 0.046744884454471426,0.03895407,0.033389203, 0.029215552784073832,0.02596938,0.023372442, 0.021247674752412543, 0.019477035189846257,0.017978802, 0.016694601591537885, 0.015581628152215294,0.014607776, 0.013748495428620937, 0.012984690127119992, 0.012301285383669149, 0.011686221114560644, 0.011129734394888265,0.010623837, 0.010161931404145768,0.009738518,0.009348977,0.008989401,0.00865646,0.008347301,0.008059463,0.007790814,0.007539497,0.007303888,0.007082558,0.006874248,0.006677841,0.006492345,0.006316876,0.006150643,0.005992934,0.005843111,0.005700596,,,,,,,,,,,,,,,,,,,,,,,,,,,,,,,,,,,,,,,,,,,,,,,,,,,,,,,,,,
42, 0.2268662821564864, 0.1161998030503324,0.077466535,0.058099902, 0.046479921216877336,0.038733268,0.033199944, 0.029049950760193323,0.025822178,0.023239961, 0.021127236916720228, 0.019366633840437977, 0.017876892775903097, 0.016599971863452065,0.015493307, 0.014524975380730143, 0.013670565064317469, 0.012911089227506252, 0.012231558215621883, 0.011619980304924815, 0.011066647909530764, 0.010563618459170865, 0.010104330700144803,0.009683317,0.009295984,0.008938446,0.008607393,0.008299986,0.00801378,0.007746654,0.007496761,0.007262488,0.007042412,0.006835283,0.006639989,0.006455545,0.00628107,0.006115779,0.005958964,0.00580999,0.005668283,0.005533324,,,,,,,,,,,,,,,,,,,,,,,,,,,,,,,,,,,,,,,,,,,,,,,,,,,,,,,,,
43, 0.2257458392538958, 0.11556037008875969,0.077040247, 0.057780185040426695,0.046224148,0.038520123,0.033017249,0.028890093, 0.025680082238883722,0.023112074, 0.021010976377319475, 0.019260061679277796,0.017778518, 0.016508624296691084, 0.015408049343672807, 0.014445046259788753, 0.013595337656366406,0.012840041, 0.012164249482189292, 0.011556037008165978,0.01100575, 0.010505488189398997, 0.010048727833412784,0.009630031,0.00924483,0.008889259,0.008560027,0.008254312,0.007969681,0.007704025,0.007455508,0.007222523,0.007003659,0.006797669,0.00660345,0.006420021,0.006246506,0.006082125,0.005926173,0.005778019,0.005637091,0.005502875,0.005374901,,,,,,,,,,,,,,,,,,,,,,,,,,,,,,,,,,,,,,,,,,,,,,,,,,,,,,,,
44, 0.22466046833694236, 0.11494256519059867,0.076628377, 0.057471282590838654,0.045977026,0.038314188,0.032840733, 0.028735641293321273,0.025542792, 0.022988513034408308, 0.020898648213065443, 0.019157094195316544,0.017683472, 0.016420366453211696,0.015325675, 0.014367820646692543, 0.013522654726375675, 0.012771396130545188, 0.012099217386912395, 0.011494256517646555,0.010946911, 0.010449324107103319,0.009995006,0.009578547,0.009195405,0.008841736,0.008514264,0.008210183,0.007927073,0.007662838,0.007415649,0.00718391,0.006966216,0.006761327,0.006568147,0.006385698,0.006213112,0.006049609,0.005894491,0.005747128,0.005606954,0.005473455,0.005346166,0.005224662,,,,,,,,,,,,,,,,,,,,,,,,,,,,,,,,,,,,,,,,,,,,,,,,,,,,,,,
45, 0.22360829415344385, 0.11434515041394455,0.0762301,0.057172575,0.04573806,0.03811505,0.032670043, 0.028586287602230087,0.025410033,0.02286903,0.020790027, 0.019057525068706376, 0.017591561602027423, 0.016335021487731315, 0.015246020055339952,0.014293144, 0.013452370637276204, 0.012705016713078372, 0.012036331623003277, 0.011434515041932327,0.010890014,0.010395014,0.009943057,0.009528763,0.009147612,0.008795781,0.008470011,0.008167511,0.007885872,0.00762301,0.007377106,0.007146572,0.006930009,0.006726185,0.006534009,0.006352508,0.006180819,0.006018166,0.005863854,0.005717258,0.005577812,0.005445007,0.005318379,0.005197507,0.005082007,,,,,,,,,,,,,,,,,,,,,,,,,,,,,,,,,,,,,,,,,,,,,,,,,,,,,,
46, 0.2225875809898838, 0.11376698583313875,0.075844657, 0.056883492913273236,0.045506794,0.037922329,0.032504853,0.028441746, 0.025281552405495067, 0.022753397165065532,0.020684907, 0.018961164304479593, 0.017502613204270358, 0.016252426546953497, 0.015168931443948238, 0.014220873228819547, 0.013384351274293925, 0.012640776203603354, 0.011975472192983812, 0.011376698583424215,0.010834951, 0.010342453257814703,0.009892781,0.009480582,0.009101359,0.008751307,0.008427184,0.008126213,0.007845999,0.007584466,0.007339806,0.007110437,0.006894969,0.006692176,0.006500971,0.006320388,0.006149567,0.005987736,0.005834204,0.005688349,0.005549609,0.005417476,0.005291488,0.005171227,0.00505631,0.004946391,,,,,,,,,,,,,,,,,,,,,,,,,,,,,,,,,,,,,,,,,,,,,,,,,,,,,
47, 0.2215967193807824, 0.11320701968039779,0.075471346,0.05660351,0.045282808,0.037735673, 0.032344862766262084, 0.028301754920745062, 0.025157115485342316,0.022641404, 0.020583094488372977, 0.018867836614496165,0.017416465, 0.016172431384092183,0.015094269, 0.014150877461258524,0.013318473, 0.012578557743473294, 0.011916528388607905, 0.011320701969224078, 0.010781620923110434, 0.010291547244821293,0.009844089,0.009433918,0.009056562,0.008708232,0.008385705,0.008086216,0.007807381,0.007547135,0.007303679,0.007075439,0.006861031,0.006659236,0.006468973,0.006289279,0.006119298,0.005958264,0.005805488,0.005660351,0.005522294,0.00539081,0.005265443,0.005145774,0.005031423,0.004922044,0.00481732,,,,,,,,,,,,,,,,,,,,,,,,,,,,,,,,,,,,,,,,,,,,,,,,,,,,
48, 0.22063421460507024, 0.1126642797939372,0.07510952,0.05633214,0.045065712,0.03755476, 0.032189794226619155, 0.028166069948538333,0.025036507,0.022532856, 0.020484414508601716, 0.018777379966388435,0.017332966, 0.016094897114321098,0.015021904, 0.014083034975245915, 0.013254621153264633, 0.012518253311497777, 0.011859397874122136, 0.011266427980479178, 0.010729931410035832, 0.010242207255083234,0.009796894,0.00938869,0.009013142,0.008666483,0.008345502,0.008047449,0.00776995,0.007510952,0.007268663,0.007041517,0.006828138,0.006627311,0.006437959,0.006259127,0.006089961,0.005929699,0.005777655,0.005633214,0.005495819,0.005364966,0.005240199,0.005121104,0.005007301,0.004898447,0.004794225,0.004694345,,,,,,,,,,,,,,,,,,,,,,,,,,,,,,,,,,,,,,,,,,,,,,,,,,,
49, 0.21969867618766956, 0.1121378659653036,0.074758577,0.056068933,0.044855146,0.037379289,0.03203939,0.028034466,0.024919526,0.022427573, 0.020388702902825104,0.018689644, 0.017251979379637305,0.016019695,0.014951715, 0.014017233246326826, 0.013192690114297618, 0.012459762885822482, 0.011803985891919092, 0.011213786597401664, 0.010679796759500803, 0.010194351452314314,0.009751119,0.009344822,0.008971029,0.00862599,0.008306509,0.008009848,0.007733646,0.007475858,0.007234701,0.007008617,0.006796234,0.006596345,0.006407878,0.006229881,0.006061506,0.005901993,0.00575066,0.005606893,0.00547014,0.005339898,0.005215715,0.005097176,0.004983905,0.004875559,0.004771824,0.004672411,0.004577056,,,,,,,,,,,,,,,,,,,,,,,,,,,,,,,,,,,,,,,,,,,,,,,,,,
50, 0.21878880871527964, 0.11162694322062922,0.074417962, 0.055813471610934466, 0.044650777289228144,0.037208981,0.031893412, 0.027906735806668907,0.024805987, 0.022325388645733812,0.020295808,0.018604491,0.017173376,0.015946706,0.014883592, 0.013953367904062177, 0.013132581556809408, 0.012402993692578317, 0.011750204550892322, 0.011162694323370111, 0.010631137450845835, 0.010147903930365576,0.009706691,0.009302245,0.008930155,0.008586688,0.008268662,0.007973353,0.00769841,0.007441796,0.007201738,0.006976684,0.006765269,0.006566291,0.006378682,0.006201497,0.006033889,0.005875102,0.005724459,0.005581347,0.005445217,0.005315569,0.005191951,0.005073952,0.004961197,0.004853345,0.004750083,0.004651123,0.004556202,0.004465078,,,,,,,,,,,,,,,,,,,,,,,,,,,,,,,,,,,,,,,,,,,,,,,,,
51, 0.2179034036257132, 0.11113073584659677,0.074087157, 0.055565367923419776,0.044452294, 0.037043578616351006,0.031751639, 0.027782683962874734, 0.024695719078367814,0.022226147, 0.020205588337225786, 0.018521789309277132, 0.017097036285615794,0.015875819, 0.014817431447726868, 0.013891341982321073,0.013074204, 0.012347859539956681, 0.011697972195794026, 0.011113073586042346,0.01058388, 0.010102794169185475,0.009663542,0.009260895,0.008890459,0.008548518,0.008231906,0.00793791,0.007664189,0.007408716,0.007169725,0.006945671,0.006735196,0.006537102,0.006350328,0.00617393,0.006007067,0.005848986,0.005699012,0.005556537,0.005421012,0.00529194,0.005168871,0.005051397,0.004939144,0.004831771,0.004728967,0.004630447,0.004535948,0.004445229,0.004358068,,,,,,,,,,,,,,,,,,,,,,,,,,,,,,,,,,,,,,,,,,,,,,,,
52, 0.21704133173098444, 0.11064852205526325,0.073765681,0.055324261, 0.044259408821994854,0.036882841,0.031613863, 0.027662130514602725,0.02458856, 0.022129704412159456, 0.020117913102166856, 0.018441420343829076, 0.017022849548302032,0.015806932, 0.014753136275431096,0.013831065,0.013017473, 0.012294280229765989,0.011647213, 0.011064852206903763, 0.010537954482812374, 0.010058956551815755,0.009621611,0.00922071,0.008851882,0.008511425,0.008196187,0.007903466,0.007630933,0.007376568,0.007138614,0.006915533,0.006705971,0.006508737,0.006322773,0.00614714,0.005981001,0.005823606,0.005674283,0.005532426,0.005397489,0.005268977,0.005146443,0.005029478,0.004917712,0.004810805,0.004708448,0.004610355,0.004516266,0.004425941,0.004339158,0.004255712,,,,,,,,,,,,,,,,,,,,,,,,,,,,,,,,,,,,,,,,,,,,,,,
53, 0.2162015366365243, 0.11017962924259864,0.073453086,0.055089815,0.044071852,0.036726543, 0.031479894069210215, 0.027544907310845346, 0.024484362054351356,0.022035926, 0.020032659863087148, 0.018363271541355308, 0.016950712192190236, 0.015739947035755313, 0.014690617233504044, 0.013772453656526842, 0.012962309323892992, 0.012242181028212043, 0.011597855711017914, 0.011017962925537765, 0.010493298024384095, 0.010016329932421679,0.009580837,0.009181636,0.00881437,0.008475356,0.008161454,0.007869974,0.007598595,0.007345309,0.007108363,0.006886227,0.006677553,0.006481155,0.006295979,0.006121091,0.005955656,0.005798928,0.005650237,0.005508981,0.005374616,0.005246649,0.005124634,0.005008165,0.004896872,0.004790419,0.004688495,0.004590818,0.004497128,0.004407185,0.00432077,0.004237678,0.004157722,,,,,,,,,,,,,,,,,,,,,,,,,,,,,,,,,,,,,,,,,,,,,,
54, 0.21538302876288903, 0.10972342974110004,0.073148953,0.054861715,0.043889372,0.036574477,0.031349551, 0.027430857434734682, 0.024382984386677586,0.021944686,0.019949714,0.018287238, 0.016880527653045454,0.015674776, 0.014629790632939012, 0.013715428718512591, 0.012908638794013022, 0.012191492194452326,0.011549835, 0.010972342975184115, 0.010449850452633542,0.009974857,0.009541168,0.009143619,0.008777874,0.008440264,0.008127661,0.007837388,0.007567133,0.007314895,0.007078931,0.006857714,0.006649905,0.006454319,0.00626991,0.006095746,0.005930996,0.005774917,0.005626843,0.005486171,0.005352362,0.005224925,0.005103415,0.004987429,0.004876597,0.004770584,0.004669082,0.00457181,0.004478507,0.004388937,0.00430288,0.004220132,0.004140507,0.004063831,,,,,,,,,,,,,,,,,,,,,,,,,,,,,,,,,,,,,,,,,,,,,
55, 0.2145848799521596, 0.1092793370114467,0.072852891, 0.054639668506636596, 0.043711734805887074,0.036426446,0.031222668,0.027319834, 0.024284297115556446, 0.021855867404209896, 0.019868970367632917, 0.018213222837134245, 0.016812205695927774, 0.015611333860594878,0.014570578, 0.013659917128148492, 0.012856392591246147, 0.012142148558437042, 0.011503088108022846,0.010927934, 0.010407555907298326,0.009934485,0.009502551,0.009106611,0.008742347,0.008406103,0.008094766,0.007805667,0.007536506,0.007285289,0.00705028,0.006829959,0.00662299,0.006428196,0.006244534,0.006071074,0.005906991,0.005751544,0.005604069,0.005463967,0.005330699,0.005203778,0.00508276,0.004967243,0.004856859,0.004751276,0.004650185,0.004553306,0.004460381,0.004371173,0.004285464,0.004203051,0.004123749,0.004047383,0.003973794,,,,,,,,,,,,,,,,,,,,,,,,,,,,,,,,,,,,,,,,,,,,
56, 0.21380621867698232, 0.10884680223326909,0.072564535,0.054423401,0.043538721,0.036282267, 0.031099086353811277, 0.027211700559928526, 0.024188178275778745,0.02176936, 0.019790327680598355, 0.018141133707380828,0.016745662, 0.015549543177998853, 0.014512906966228756, 0.013605850280920068, 0.012805506146815564, 0.012094089138715158, 0.011457558131460854, 0.010884680224926217, 0.010366362119008874,0.009895164,0.009464939,0.009070567,0.008707744,0.008372831,0.008062726,0.007774772,0.007506676,0.007256453,0.007022374,0.006802925,0.006596776,0.006402753,0.006219817,0.006047045,0.005883611,0.005728779,0.005581887,0.00544234,0.0053096,0.005183181,0.005062642,0.004947582,0.004837636,0.00473247,0.004631779,0.004535283,0.004442727,0.004353872,0.004268502,0.004186415,0.004107426,0.004031363,0.003958066,0.003887386,,,,,,,,,,,,,,,,,,,,,,,,,,,,,,,,,,,,,,,,,,,
57, 0.2130462255587212, 0.10842531121840072,0.072283541, 0.054212655609076184,0.043370124,0.03614177, 0.030978660349124082, 0.027106327805836668,0.024094514,0.021685062,0.019713693, 0.018070885204732393, 0.016680817112223363, 0.015489330175775017, 0.014456708164175611, 0.013553163904016426,0.012755919, 0.012047256803727079, 0.011413190656226337,0.010842531, 0.010326220117636623,0.009856846,0.009428288,0.009035443,0.008674025,0.008340409,0.008031505,0.007744665,0.007477608,0.007228354,0.006995181,0.006776582,0.006571231,0.006377959,0.006195732,0.006023628,0.005860828,0.005706595,0.005560272,0.005421266,0.00528904,0.00516311,0.005043038,0.004928423,0.004818903,0.004714144,0.004613843,0.004517721,0.004425523,0.004337012,0.004251973,0.004170204,0.004091521,0.004015752,0.003942739,0.003872333,0.003804397,,,,,,,,,,,,,,,,,,,,,,,,,,,,,,,,,,,,,,,,,,
58, 0.21230412944221022, 0.10801438164135715,0.072009588,0.054007191,0.043205753,0.036004794,0.030861252, 0.027003595411060316,0.024003196, 0.021602876329402235,0.019638978, 0.018002396941599247, 0.016617597177044176, 0.015430625950272328, 0.014401917553726966, 0.013501797706740743, 0.012707574312332869,0.012001598, 0.011369934911203803, 0.010801438165714548, 0.010287083967409176,0.009819489,0.009392555,0.009001198,0.008641151,0.008308799,0.008001065,0.007715313,0.007449268,0.007200959,0.00696867,0.006750899,0.006546326,0.006353787,0.00617225,0.006000799,0.005838615,0.005684967,0.005539199,0.005400719,0.005268994,0.005143542,0.005023925,0.004909745,0.004800639,0.004696277,0.004596357,0.004500599,0.00440875,0.004320575,0.004235858,0.004154399,0.004076014,0.004000533,0.003927796,0.003857656,0.003789978,0.003724634,,,,,,,,,,,,,,,,,,,,,,,,,,,,,,,,,,,,,,,,,
59, 0.21157920375721656, 0.10761356053209753,0.071742374,0.05380678, 0.043045424214880355, 0.035871186846257584, 0.030746731582902358, 0.026903390135340183,0.023914125,0.021522712,0.019566102, 0.017935593424105674,0.016555932, 0.015373365792223384, 0.014348474739452922, 0.013451695068269483, 0.012660418887805776, 0.011957062282942688,0.011327743, 0.010761356054660557, 0.010248910528247897,0.009783051,0.009357701,0.008967797,0.008609085,0.008277966,0.007971375,0.007686683,0.007421625,0.007174237,0.00694281,0.006725848,0.006522034,0.006330209,0.006149346,0.005978531,0.005816949,0.005663872,0.005518644,0.005380678,0.005249442,0.005124455,0.005005282,0.004891525,0.004782825,0.00467885,0.0045793,0.004483898,0.00439239,0.004304542,0.00422014,0.004138983,0.004060889,0.003985687,0.00391322,0.003843341,0.003775914,0.003710812,0.003647917,,,,,,,,,,,,,,,,,,,,,,,,,,,,,,,,,,,,,,,,
60, 0.21087076327200785, 0.10722242200229322,0.071481615,0.053611211,0.042888969,0.035740807,0.030634978, 0.026805605502871126, 0.023827204891710512, 0.021444484402752474,0.019494986, 0.017870403669249222,0.016495757, 0.015317488859539721,0.014296323,0.013402803, 0.012614402590357614, 0.011913602446479772, 0.011286570738793356, 0.010722242201870244, 0.010211659239887618,0.009747493,0.009323689,0.008935202,0.008577794,0.008247879,0.007942402,0.007658744,0.00739465,0.007148161,0.006917576,0.006701401,0.006498329,0.006307201,0.006126996,0.005956801,0.005795807,0.005643285,0.005498586,0.005361121,0.005230362,0.00510583,0.004987089,0.004873746,0.004765441,0.004661844,0.004562656,0.004467601,0.004376425,0.004288897,0.004204801,0.004123939,0.004046129,0.003971201,0.003898997,0.003829372,0.00376219,0.003697325,0.003634658,0.003574081,,,,,,,,,,,,,,,,,,,,,,,,,,,,,,,,,,,,,,,
61, 0.21017816104375012, 0.1068405651958408,0.071227043, 0.053420282599002444,0.042736226,0.035613522, 0.030525875772291152,0.026710141, 0.023742347823531743,0.021368113,0.019425557, 0.017806760868203608, 0.016437010032322164, 0.015262937887266079, 0.014245408694871444, 0.013355070651515264, 0.012569478260309304, 0.011871173912562644, 0.011246375285624492, 0.010684056521374156, 0.010175291925142462,0.009712779,0.009290484,0.00890338,0.008547245,0.008218505,0.007914116,0.007631469,0.007368315,0.007122704,0.00689294,0.006677535,0.006475186,0.006284739,0.006105175,0.005935587,0.005775166,0.005623188,0.005479003,0.005342028,0.005211735,0.005087646,0.004969329,0.004856389,0.00474847,0.004645242,0.004546407,0.00445169,0.004360839,0.004273623,0.004189826,0.004109253,0.004031719,0.003957058,0.003885111,0.003815734,0.003748792,0.003684157,0.003621714,0.003561352,0.003502969,,,,,,,,,,,,,,,,,,,,,,,,,,,,,,,,,,,,,,
62, 0.20950078571898997, 0.10646761241206737,0.070978408,0.053233806, 0.042587044965932165, 0.035489204138833476, 0.030419317833761568, 0.026616903104940304, 0.023659469426946078, 0.021293522484528246, 0.019357747713438133, 0.017744602070844148,0.016379633, 0.015209658918150779, 0.014195681657053798, 0.013308451553582786, 0.012525601462275101, 0.011829734714437557, 0.011207117097943904, 0.010646761243093106, 0.010139772612508098,0.009678874,0.009258053,0.008872301,0.008517409,0.008189816,0.00788649,0.007604829,0.007342594,0.007097841,0.006868878,0.006654226,0.006452583,0.006262801,0.006083864,0.005914867,0.005755006,0.005603559,0.005459878,0.005323381,0.005193542,0.005069886,0.004951982,0.004839437,0.004731894,0.004629027,0.004530537,0.004436151,0.004345617,0.004258704,0.0041752,0.004094908,0.004017646,0.003943245,0.00387155,0.003802415,0.003735706,0.003671297,0.003609072,0.00354892,0.003490741,0.003434439,,,,,,,,,,,,,,,,,,,,,,,,,,,,,,,,,,,,,
63, 0.20883805902947597, 0.10610320740643027,0.070735472,0.053051604, 0.042441282963115105,0.035367736, 0.030315202117426963, 0.026525801853157893, 0.023578490536491616, 0.021220641483142216,0.019291492, 0.017683867903070236, 0.016323570372250476, 0.015157601060105441, 0.014147094322900702, 0.013262900927835527, 0.012482730285121176, 0.011789245269366403, 0.011168758676314953, 0.010610320742561815,0.010105067,0.009645746,0.009226366,0.008841934,0.008488257,0.008161785,0.007859497,0.007578801,0.007317463,0.007073547,0.006845368,0.00663145,0.006430497,0.006241365,0.00606304,0.005894623,0.005735309,0.005584379,0.00544119,0.00530516,0.005175766,0.005052534,0.004935033,0.004822873,0.004715698,0.004613183,0.00451503,0.004420967,0.004330743,0.004244128,0.00416091,0.004080893,0.004003895,0.003929748,0.003858298,0.0037894,0.00372292,0.003658731,0.003596719,0.003536774,0.003478794,0.003422684,0.003368356,,,,,,,,,,,,,,,,,,,,,,,,,,,,,,,,,,,,
64, 0.20818943350005845, 0.10574701384282689,0.070498009,0.052873507,0.042298806,0.035249005, 0.030213432529188403, 0.026436753463328574, 0.023499336412059372,0.021149403, 0.019226729791940494,0.017624502, 0.016268771362547015,0.015106716, 0.014099601847606518, 0.013218376732147619,0.012440825, 0.011749668206362664,0.011131265,0.010574701,0.010071144,0.009613365,0.009195393,0.008812251,0.008459761,0.008134386,0.007833112,0.007553358,0.007292898,0.007049801,0.006822388,0.006609188,0.00640891,0.006220413,0.006042687,0.005874834,0.005716055,0.005565632,0.005422924,0.005287351,0.005158391,0.005035572,0.004918466,0.004806682,0.004699867,0.004597696,0.004499873,0.004406126,0.004316205,0.004229881,0.004146942,0.004067193,0.003990453,0.003916556,0.003845346,0.003776679,0.003710422,0.003646449,0.003584645,0.0035249,0.003467115,0.003411194,0.003357048,0.003304594,,,,,,,,,,,,,,,,,,,,,,,,,,,,,,,,,,,
65, 0.20755439037854564, 0.10539871386497923,0.070265809,0.052699357,0.042159486,0.035132905,0.030113918,0.026349678, 0.023421936417120294,0.021079743, 0.019163402523424498,0.017566452, 0.016215186750780666, 0.015056959125789584, 0.014053161850784835, 0.013174839235145385, 0.012399848691925565, 0.011710968209056387, 0.011094601461220122, 0.010539871388162482, 0.010037972750629925,0.009581701,0.009165106,0.008783226,0.008431897,0.008107593,0.007807312,0.00752848,0.007268877,0.007026581,0.006799917,0.00658742,0.006387801,0.006199924,0.006022784,0.005855484,0.005697228,0.005547301,0.005405062,0.005269936,0.005141401,0.005018986,0.004902266,0.004790851,0.004684387,0.004582553,0.004485052,0.004391613,0.004301988,0.004215949,0.004133283,0.004053797,0.00397731,0.003903656,0.003832681,0.00376424,0.0036982,0.003634438,0.003572838,0.00351329,0.003455696,0.003399959,0.003345991,0.00329371,0.003243037,,,,,,,,,,,,,,,,,,,,,,,,,,,,,,,,,,
66, 0.20693243768322658, 0.10505800682386497,0.070038671, 0.052529003413805245,0.042023203,0.035019336,0.030016573,0.026264502, 0.023346223741377563,0.021011601,0.019101456, 0.017509667806540882, 0.016162770283074782, 0.015008286691516172, 0.014007734245485187, 0.013132250855196757, 0.012359765510815102, 0.011673111871356709, 0.011058737562360817, 0.010505800684258725, 0.010005524461209036,0.009550728,0.009135479,0.008754834,0.008404641,0.008081385,0.007782075,0.007504143,0.00724538,0.007003867,0.006777936,0.006566125,0.006367152,0.006179883,0.006003315,0.005836556,0.005678811,0.005529369,0.00538759,0.0052529,0.005124781,0.005002762,0.004886419,0.004775364,0.004669245,0.004567739,0.004470553,0.004377417,0.004288082,0.00420232,0.004119922,0.004040693,0.003964453,0.003891037,0.003820291,0.003752072,0.003686246,0.00362269,0.003561288,0.003501934,0.003444525,0.003388968,0.003335175,0.003283063,0.003232554,0.003183576,,,,,,,,,,,,,,,,,,,,,,,,,,,,,,,,,
67, 0.20632310845332247, 0.10472460807771149,0.069816405, 0.052362304040418674,0.041889843, 0.034908202694955474, 0.029921316596204502,0.026181152, 0.023272135131092154, 0.020944921618253013, 0.019040837834992996, 0.017454101348919334, 0.016111478168375513, 0.014960658299321115,0.013963281, 0.013090576012068906,0.012320542, 0.011636067566389293,0.011023643, 0.010472460809816848,0.009973772,0.009520419,0.009106488,0.008727051,0.008377969,0.008055739,0.007757378,0.007480329,0.007222387,0.006981641,0.006756426,0.006545288,0.006346946,0.006160271,0.005984263,0.005818034,0.00566079,0.005511821,0.005370493,0.00523623,0.005108517,0.004986886,0.004870912,0.004760209,0.004654427,0.004553244,0.004456366,0.004363525,0.004274474,0.004188984,0.004106847,0.00402787,0.003951872,0.003878689,0.003808168,0.003740165,0.003674548,0.003611193,0.003549987,0.00349082,0.003433594,0.003378213,0.003324591,0.003272644,0.003222296,0.003173473,0.003126108,,,,,,,,,,,,,,,,,,,,,,,,,,,,,,,,
68, 0.20572595912019354, 0.10439824790980001,0.069598832,0.052199124, 0.041759299165616263,0.034799416, 0.029828070833702806, 0.026099561979940816, 0.023199610649205477, 0.020879649584587823,0.0189815,0.017399708,0.016061269, 0.014914035418233794, 0.013919766390468553, 0.013049780991161391, 0.012282146815291276, 0.011599805325619567, 0.010989289255905157, 0.010439824793155106,0.00994269,0.00949075,0.009078109,0.008699854,0.00835186,0.008030634,0.007733204,0.007457018,0.007199879,0.006959883,0.006735371,0.00652489,0.006327167,0.006141073,0.005965614,0.005799903,0.005643149,0.005494645,0.005353756,0.005219912,0.005092597,0.004971345,0.004855732,0.004745375,0.004639922,0.004539054,0.004442479,0.004349927,0.004261153,0.00417593,0.004094049,0.004015317,0.003939557,0.003866602,0.0037963,0.003728509,0.003663096,0.00359994,0.003538924,0.003479942,0.003422893,0.003367685,0.00331423,0.003262445,0.003212254,0.003163583,0.003116366,0.003070537,,,,,,,,,,,,,,,,,,,,,,,,,,,,,,,
69, 0.20514056800912558, 0.10407867053685049,0.06938578,0.052039335,0.041631468,0.03469289,0.029736763,0.026019668, 0.023128593455220038, 0.020815734109809858,0.018923395,0.017346445, 0.016012103161524287, 0.014868381507141617, 0.013877156073333268,0.013009834, 0.012244549476451243, 0.011564296727742403, 0.010955649531525204, 0.010407867054926502,0.009912254,0.009461697,0.009050319,0.008673223,0.008326294,0.008006052,0.007709531,0.007434191,0.007177839,0.006938578,0.006714753,0.006504917,0.006307798,0.006122275,0.005947353,0.005782148,0.005625874,0.005477825,0.005337368,0.005203934,0.005077008,0.004956127,0.004840868,0.004730849,0.004625719,0.00452516,0.00442888,0.004336611,0.004248109,0.004163147,0.004081516,0.004003026,0.003927497,0.003854766,0.003784679,0.003717095,0.003651883,0.00358892,0.003528091,0.003469289,0.003412415,0.003357376,0.003304085,0.003252458,0.003202421,0.003153899,0.003106826,0.003061137,0.003016773,,,,,,,,,,,,,,,,,,,,,,,,,,,,,,
70, 0.2045665339569899, 0.10376563316899941,0.069177089, 0.051882816587142694,0.041506253,0.034588544,0.029647324, 0.025941408295206844, 0.023059029595950492, 0.020753126636506296, 0.018866478760567303, 0.017294272197261387,0.015963944, 0.014823661883446252, 0.013835417757901772, 0.012970704148041011, 0.012207721551097497, 0.011529514798252687,0.010922698, 0.010376563318402924,0.009882441,0.009433239,0.009023099,0.008647136,0.008301251,0.007981972,0.007686343,0.007411831,0.007156251,0.006917709,0.006694557,0.006485352,0.006288826,0.006103861,0.005929465,0.005764757,0.005608953,0.005461349,0.005321315,0.005188282,0.005061738,0.004941221,0.004826309,0.00471662,0.004611806,0.004511549,0.004415559,0.004323568,0.004235332,0.004150625,0.004069241,0.003990986,0.003915684,0.003843172,0.003773296,0.003705915,0.003640899,0.003578125,0.003517479,0.003458854,0.003402152,0.003347278,0.003294147,0.003242676,0.003192789,0.003144413,0.003097482,0.00305193,0.0030077,0.002964732,,,,,,,,,,,,,,,,,,,,,,,,,,,,,
71, 0.20400347504223526, 0.10345890520186389,0.068972603, 0.051729452603545015,0.041383562,0.034486302, 0.029559687203715063,0.025864726, 0.022990867825678867,0.020691781,0.01881071, 0.017243150869653272, 0.015916754648987338, 0.014779843602686093, 0.013794520695878573, 0.012932363152411315, 0.012171635908166754, 0.011495433913275491,0.010890411, 0.010345890521944057,0.009853229,0.009405355,0.008996427,0.008621575,0.008276712,0.007958377,0.007663623,0.007389922,0.007135097,0.00689726,0.006674768,0.006466182,0.006270237,0.006085818,0.005911937,0.005747717,0.005592373,0.005445206,0.005305585,0.005172945,0.005046776,0.004926615,0.004812042,0.004702678,0.004598174,0.004498213,0.004402507,0.004310788,0.004222812,0.004138356,0.004057212,0.003979189,0.00390411,0.003831811,0.003762142,0.003694961,0.003630137,0.003567548,0.003507082,0.00344863,0.003392095,0.003337384,0.00328441,0.003233091,0.003183351,0.003135118,0.003088326,0.003042909,0.002998809,0.002955969,0.002914335,,,,,,,,,,,,,,,,,,,,,,,,,,,,
72, 0.20345102739832702, 0.10315826741443188,0.068772178, 0.051579133709715855,0.041263307, 0.034386089141316224, 0.029473790693085995, 0.025789566856849144,0.022924059, 0.020631653485983666, 0.018756048623799104, 0.017193044571952094, 0.015870502681906203, 0.014736895347563617, 0.013754435657785648, 0.012894783429218048, 0.012136266756942661,0.01146203, 0.010858764993087959, 0.010315826743440644,0.009824597,0.009378024,0.008970284,0.008596522,0.008252661,0.007935251,0.007641353,0.007368448,0.007114363,0.006877218,0.006655372,0.006447392,0.006252016,0.006068133,0.005894758,0.005731015,0.005576123,0.005429382,0.005290168,0.005157913,0.005032111,0.004912298,0.004798059,0.004689012,0.004584812,0.004485142,0.004389714,0.004298261,0.004210542,0.004126331,0.004045422,0.003967626,0.003892765,0.003820677,0.00375121,0.003684224,0.003619588,0.003557182,0.00349689,0.003438609,0.003382238,0.003327686,0.003274866,0.003223696,0.003174101,0.003126008,0.003079351,0.003034067,0.002990095,0.002947379,0.002905867,0.002865507,,,,,,,,,,,,,,,,,,,,,,,,,,,
73, 0.20290884412388382, 0.10286351125762647,0.068575674,0.051431756,0.041145405, 0.034287837088970874, 0.029389574648265342, 0.025715877817677386, 0.022858558060504134,0.020572702, 0.018702456595417857,0.017143919,0.015825156, 0.014694787325343626, 0.013715134837069752, 0.012857938909817207, 0.012101589562230591, 0.011429279031033345, 0.010827738029428064, 0.010286351127976726,0.009796525,0.009351228,0.008944653,0.008571959,0.008229081,0.007912578,0.007619519,0.007347394,0.007094035,0.006857567,0.006636356,0.006428969,0.006234152,0.006050795,0.005877915,0.00571464,0.00556019,0.005413869,0.005275052,0.005143176,0.005017732,0.004898262,0.004784349,0.004675614,0.004571712,0.004472327,0.004377171,0.00428598,0.004198511,0.00411454,0.004033863,0.003956289,0.003881642,0.00380976,0.003740491,0.003673697,0.003609246,0.003547018,0.003486899,0.003428784,0.003372574,0.003318178,0.003265508,0.003214485,0.003165031,0.003117076,0.003070553,0.003025397,0.002981551,0.002938957,0.002897564,0.00285732,0.002818178,,,,,,,,,,,,,,,,,,,,,,,,,,
74, 0.20237659427056998, 0.10257443819136255,0.068382959,0.051287219,0.041029775,0.034191479,0.029306982,0.02564361, 0.022794319601322565, 0.020514887641499238, 0.018649897856156592, 0.017095739701677038,0.015780683, 0.014653491173147305,0.013676592,0.012821805, 0.012067580966364544, 0.011397159801621747, 0.010797309285790743, 0.010257443821535536,0.009768994,0.009324949,0.008919516,0.00854787,0.008205955,0.007890341,0.007598107,0.007326746,0.007074099,0.006838296,0.006617706,0.006410902,0.006216633,0.00603379,0.005861396,0.00569858,0.005544564,0.005398655,0.005260228,0.005128722,0.005003631,0.004884497,0.004770904,0.004662474,0.004558864,0.004459758,0.00436487,0.004273935,0.004186712,0.004102978,0.004022527,0.003945171,0.003870734,0.003799053,0.00372998,0.003663373,0.003599103,0.00353705,0.0034771,0.003419148,0.003363096,0.003308853,0.003256331,0.003205451,0.003156137,0.003108316,0.003061924,0.003016895,0.002973172,0.002930698,0.002889421,0.00284929,0.002810259,0.002772282,,,,,,,,,,,,,,,,,,,,,,,,,
75, 0.20185396190851945, 0.10229085907906164,0.068193906, 0.051145429542446934, 0.040916343634749566, 0.034096953029461016, 0.029225959739862625, 0.025572714772589746, 0.022731302020213732,0.020458172,0.018598338, 0.017048476515293714, 0.015737055244890847,0.01461298, 0.013638781212214365, 0.012786357386428008, 0.012034218716610942, 0.011365651010102557, 0.010767458851644316,0.010229086,0.009741987,0.009299169,0.008894857,0.008524238,0.008183269,0.007868528,0.007577101,0.00730649,0.007054542,0.006819391,0.00659941,0.006393179,0.006199446,0.006017109,0.005845192,0.005682826,0.005529236,0.005383729,0.005245685,0.005114543,0.004989798,0.004870993,0.004757714,0.004649585,0.00454626,0.004447429,0.004352803,0.004262119,0.004175137,0.004091634,0.004011406,0.003934264,0.003860032,0.00378855,0.003719668,0.003653245,0.003589153,0.003527271,0.003467487,0.003409695,0.003353799,0.003299705,0.003247329,0.003196589,0.003147411,0.003099723,0.003053458,0.003008555,0.002964952,0.002922596,0.002881433,0.002841413,0.002802489,0.002764618,0.002727756,,,,,,,,,,,,,,,,,,,,,,,,
76, 0.20134064523408277, 0.1020125935888487,0.068008396, 0.051006296797482975,0.040805037,0.034004198,0.029146455, 0.025503148400341125,0.022669465,0.020402519,0.018547744, 0.017002098933914567, 0.015694245169793265, 0.014573227657675216, 0.013601679147161897,0.012751574, 0.012001481600410922, 0.011334732622589336, 0.010738167747692004, 0.010201259360280945,0.009715485,0.009273872,0.00887066,0.008501049,0.008161007,0.007847123,0.007556488,0.007286614,0.007035351,0.00680084,0.006581458,0.006375787,0.006182581,0.006000741,0.005829291,0.005667366,0.005514194,0.005369084,0.005231415,0.00510063,0.004976224,0.004857743,0.004744772,0.004636936,0.004533893,0.00443533,0.004340961,0.004250525,0.004163779,0.004080504,0.004000494,0.003923561,0.003849532,0.003778244,0.003709549,0.003643307,0.003579389,0.003517676,0.003458054,0.00340042,0.003344675,0.003290729,0.003238495,0.003187894,0.003138849,0.003091291,0.003045152,0.00300037,0.002956887,0.002914646,0.002873594,0.002833683,0.002794866,0.002757097,0.002720336,0.002684542,,,,,,,,,,,,,,,,,,,,,,,
77,0.200836356, 0.10173946971446202,0.067826313, 0.050869734860374244,0.040695788, 0.033913156575052915, 0.029068419921931894, 0.025434867432011694,0.022608771, 0.020347893945973052,0.018498085,0.016956578, 0.015652226112501444, 0.014534209961638907, 0.013565262630878712, 0.012717433716453425, 0.011969349380187688, 0.011304385525722688, 0.010709417866459205, 0.010173946973117739,0.009689473,0.009249043,0.00884691,0.008478289,0.008139158,0.007826113,0.007536257,0.007267105,0.007016515,0.006782631,0.006563837,0.006358717,0.006166028,0.005984675,0.005813684,0.005652193,0.005499431,0.005354709,0.005217409,0.005086973,0.004962901,0.004844737,0.004732068,0.004624521,0.004521754,0.004423455,0.004329339,0.004239145,0.004152631,0.004069579,0.003989783,0.003913057,0.003839225,0.003768129,0.003699617,0.003633552,0.003569806,0.003508258,0.003448796,0.003391316,0.00333572,0.003281918,0.003229824,0.003179358,0.003130445,0.003083014,0.003036999,0.002992337,0.00294897,0.002906842,0.002865901,0.002826096,0.002787383,0.002749715,0.002713053,0.002677354,0.002642584,,,,,,,,,,,,,,,,,,,,,,
78, 0.20034081770400478, 0.10147132325544898,0.067647549,0.050735662,0.040588529,0.033823774, 0.028991806648115723,0.025367831, 0.022549182949144285, 0.020294264654430703, 0.018449331504174597, 0.016911887212266413, 0.015610972811398822, 0.014495903324923174, 0.013529509769963382,0.012683915, 0.011937802738233848,0.011274591, 0.010681191923681294, 0.010147132327488251,0.009663936,0.009224666,0.008823593,0.008455944,0.008117706,0.007805486,0.007516394,0.007247952,0.006998022,0.006764755,0.006546537,0.006341958,0.006149777,0.005968901,0.005798361,0.005637296,0.005484936,0.005340596,0.005203658,0.005073566,0.004949821,0.004831968,0.004719596,0.004612333,0.004509837,0.004411797,0.004317929,0.004227972,0.004141687,0.004058853,0.003979268,0.003902743,0.003829107,0.003758197,0.003689866,0.003623976,0.003560397,0.003499011,0.003439706,0.003382377,0.003326929,0.003273268,0.003221312,0.003170979,0.003122195,0.003074889,0.003028995,0.002984451,0.002941198,0.002899181,0.002858347,0.002818648,0.002780036,0.002742468,0.002705902,0.002670298,0.002635619,0.002601829,,,,,,,,,,,,,,,,,,,,,
79, 0.1998537669572991, 0.10120799737157385,0.067471998,0.050603999,0.040483199,0.033735999, 0.028916570681418563,0.025301999, 0.022490666086253556, 0.020241599477870867, 0.018401454070974817,0.016868, 0.015570461137209779, 0.014458285341771758, 0.013494399652376483, 0.012650999674142797, 0.011906823222749574, 0.011245333043724638, 0.010653473409852947,0.0101208,0.009638857,0.009200727,0.008800695,0.008434,0.00809664,0.007785231,0.007496889,0.007229143,0.006979862,0.0067472,0.006529548,0.0063255,0.006133818,0.005953412,0.005783314,0.005622667,0.005470703,0.005326737,0.005190154,0.0050604,0.004936975,0.004819428,0.004707349,0.004600364,0.004498133,0.004400348,0.004306723,0.004217,0.004130939,0.00404832,0.003968941,0.003892615,0.00381917,0.003748444,0.003680291,0.003614571,0.003551158,0.003489931,0.00343078,0.0033736,0.003318295,0.003264774,0.003212952,0.00316275,0.003114092,0.003066909,0.003021134,0.002976706,0.002933565,0.002891657,0.00285093,0.002811333,0.002772822,0.002735351,0.00269888,0.002663368,0.002628779,0.002595077,0.002562228,,,,,,,,,,,,,,,,,,,,
80, 0.1993749507777979, 0.10094934217059404,0.067299561,0.050474671, 0.040379736871039226,0.033649781, 0.028842669194070938,0.025237336, 0.022433187151059637,0.020189868,0.018354426,0.01682489,0.015530668,0.014421335, 0.013459912290455057, 0.012618667772249516, 0.011876393197359487, 0.011216593575233108, 0.010626246544908255, 0.010094934217615125,0.009614223,0.009177213,0.008778204,0.008412445,0.008075947,0.007765334,0.007477729,0.007210667,0.006962024,0.006729956,0.006512861,0.006309334,0.006118142,0.005938197,0.005768534,0.005608297,0.005456721,0.005313123,0.005176889,0.005047467,0.004924358,0.004807112,0.004695318,0.004588606,0.004486637,0.004389102,0.004295717,0.004206223,0.004120381,0.004037974,0.003958798,0.003882667,0.003809409,0.003738865,0.003670885,0.003605334,0.003542082,0.003481012,0.003422012,0.003364978,0.003309814,0.00325643,0.003204741,0.003154667,0.003106134,0.003059071,0.003013413,0.002969098,0.002926068,0.002884267,0.002843643,0.002804148,0.002765735,0.002728361,0.002691982,0.002656562,0.002622061,0.002588445,0.00255568,0.002523734,,,,,,,,,,,,,,,,,,,
81, 0.19890412696050866, 0.10069521427847616,0.067130143,0.050347607,0.040278086, 0.033565071429190345,0.028770061, 0.025173803572249645,0.022376714, 0.020139042857895625, 0.018308220779906625, 0.016782535714897278, 0.015491571429106642, 0.014385030612704755, 0.013426028571815811, 0.012586901786032587, 0.011846495798572831, 0.011188357143050142, 0.010599496240738273, 0.010069521428656105,0.00959002,0.00915411,0.008756106,0.008391268,0.008055617,0.007745786,0.007458905,0.007192515,0.006944498,0.006713014,0.006496465,0.006293451,0.00610274,0.005923248,0.005754012,0.005594179,0.005442985,0.005299748,0.005163857,0.005034761,0.004911962,0.00479501,0.004683498,0.004577055,0.004475343,0.004378053,0.004284903,0.004195634,0.004110009,0.004027809,0.003948832,0.003872893,0.003799819,0.003729452,0.003661644,0.003596258,0.003533165,0.003472249,0.003413397,0.003356507,0.003301482,0.003248233,0.003196673,0.003146725,0.003098314,0.00305137,0.003005827,0.002961624,0.002918702,0.002877006,0.002836485,0.002797089,0.002758773,0.002721492,0.002685206,0.002649874,0.00261546,0.002581929,0.002549246,0.00251738,0.002486302,,,,,,,,,,,,,,,,,,
82, 0.19844106337833936, 0.10044547652956526,0.066963651,0.050222738,0.040178191,0.033481826, 0.028698707583080758, 0.025111369135389302, 0.022321217009350303, 0.020089095308478723, 0.018262813916827273, 0.016740912757096247, 0.015453150237307874, 0.014349353791763001, 0.013392730205615063, 0.012555684567728756, 0.011817114887235622, 0.011160608504571094,0.010573208, 0.010044547654033427,0.009566236,0.009131407,0.008734389,0.008370456,0.008035638,0.007726575,0.007440406,0.007174677,0.006927274,0.006696365,0.006480353,0.006277842,0.006087605,0.005908557,0.005739742,0.005580304,0.005429485,0.005286604,0.00515105,0.005022274,0.004899779,0.004783118,0.004671883,0.004565703,0.004464243,0.004367195,0.004274276,0.004185228,0.004099815,0.004017819,0.003939038,0.003863288,0.003790395,0.003720203,0.003652563,0.003587338,0.003524403,0.003463637,0.003404931,0.003348183,0.003293294,0.003240177,0.003188745,0.003138921,0.00309063,0.003043802,0.002998372,0.002954279,0.002911463,0.002869871,0.00282945,0.002790152,0.002751931,0.002714743,0.002678546,0.002643302,0.002608973,0.002575525,0.002542923,0.002511137,0.002480135,0.00244989,,,,,,,,,,,,,,,,,
83, 0.19798553739581193, 0.10019999758910185,0.066799998,0.050099999, 0.040079999039350285,0.033399999, 0.028628570743285547,0.025049999,0.022266666, 0.020039999520743517,0.018218181, 0.016699999600701957, 0.015415384246810162, 0.014314285372031717,0.01336, 0.012524999700488119,0.011788235, 0.011133333067040528, 0.010547368168740448, 0.010019999760267287,0.009542857,0.009109091,0.008713043,0.00835,0.008016,0.007707692,0.007422222,0.007157143,0.006910345,0.00668,0.006464516,0.0062625,0.006072727,0.005894118,0.005725714,0.005566667,0.005416216,0.005273684,0.005138461,0.00501,0.004887805,0.004771428,0.004660465,0.004554545,0.004453333,0.004356522,0.00426383,0.004175,0.004089796,0.004008,0.003929412,0.003853846,0.003781132,0.003711111,0.003643636,0.003578571,0.003515789,0.003455172,0.00339661,0.00334,0.003285246,0.003232258,0.003180952,0.00313125,0.003083077,0.003036364,0.002991045,0.002947059,0.002904348,0.002862857,0.002822535,0.002783333,0.002745205,0.002708108,0.002672,0.002636842,0.002602597,0.002569231,0.002536709,0.002505,0.002474074,0.002443902,0.002414458,,,,,,,,,,,,,,,,
84, 0.19753733538347207,0.099958652,0.066639101,0.049979326, 0.039983460661646354,0.033319551,0.028559615, 0.024989662914741376,0.022213034, 0.019991730332118776, 0.018174300302016676, 0.016659775276904494, 0.015378254101788814, 0.014279807380245004, 0.013327820221561142,0.012494831, 0.011759841371937797,0.011106517, 0.010521963332737784,0.009995865,0.009519872,0.00908715,0.008692057,0.008329888,0.007996692,0.007689127,0.007404345,0.007139904,0.0068937,0.00666391,0.006448945,0.006247416,0.0060581,0.005879921,0.005711923,0.005553258,0.00540317,0.005260982,0.005126085,0.004997933,0.004876032,0.004759936,0.00464924,0.004543575,0.004442607,0.004346028,0.00425356,0.004164944,0.004079945,0.003998346,0.003919947,0.003844564,0.003772025,0.003702172,0.00363486,0.003569952,0.003507321,0.00344685,0.003388429,0.003331955,0.003277333,0.003224473,0.003173291,0.003123708,0.003075651,0.00302905,0.00298384,0.00293996,0.002897352,0.002855961,0.002815737,0.002776629,0.002738593,0.002701585,0.002665564,0.002630491,0.002596329,0.002563042,0.002530599,0.002498966,0.002468115,0.002438016,0.002408642,0.002379968,,,,,,,,,,,,,,,
85, 0.19709625225070745,0.099721318,0.066480879, 0.049860659057322614,0.039888527, 0.033240439373247055, 0.028491805177592058, 0.024930329530758123, 0.022160292916485823, 0.019944263625017104, 0.018131148750140498, 0.016620219687713725, 0.015341741250252703,0.014245903, 0.013296175750267135, 0.012465164765879945, 0.011731919779646839, 0.011080146458543397, 0.010496980855444897,0.009972132,0.009497268,0.009065574,0.008671419,0.00831011,0.007977705,0.007670871,0.007386764,0.007122951,0.006877332,0.006648088,0.006433633,0.006232582,0.006043716,0.00586596,0.005698361,0.005540073,0.005390342,0.00524849,0.005113914,0.004986066,0.004864455,0.004748634,0.004638201,0.004532787,0.004432059,0.004335709,0.00424346,0.004155055,0.004070258,0.003988853,0.00391064,0.003835435,0.003763069,0.003693382,0.00362623,0.003561476,0.003498994,0.003438666,0.003380384,0.003324044,0.003269551,0.003216817,0.003165756,0.003116291,0.003068348,0.003021858,0.002976756,0.00293298,0.002890473,0.002849181,0.002809051,0.002770037,0.002732091,0.002695171,0.002659235,0.002624245,0.002590164,0.002556957,0.00252459,0.002493033,0.002462255,0.002432227,0.002402923,0.002374317,0.002346384,,,,,,,,,,,,,,
86, 0.19666209102545407,0.099487881,0.066325254,0.049743941,0.039795153, 0.033162627117906275,0.028425109,0.02487197, 0.022108418078612063,0.019897576, 0.018088705700554826, 0.016581313558765444,0.015305828, 0.014212554478793707, 0.013265050846800384, 0.012435985168804798, 0.011704456629396318, 0.011054209038810953, 0.010472408563024397,0.009948788,0.009475036,0.009044353,0.00865112,0.008290657,0.007959031,0.007652914,0.007369473,0.007106277,0.006861233,0.006632525,0.006418573,0.006217993,0.006029569,0.005852228,0.005685022,0.005527105,0.005377723,0.005236204,0.005101943,0.004974394,0.004853067,0.004737518,0.004627343,0.004522176,0.004421684,0.00432556,0.004233527,0.004145328,0.00406073,0.003979515,0.003901486,0.003826457,0.00375426,0.003684736,0.003617741,0.003553139,0.003490803,0.003430617,0.003372471,0.003316263,0.003261898,0.003209286,0.003158345,0.003108996,0.003061166,0.003014784,0.002969788,0.002926114,0.002883707,0.002842511,0.002802476,0.002763552,0.002725695,0.002688862,0.00265301,0.002618102,0.002584101,0.002550971,0.002518681,0.002487197,0.002456491,0.002426534,0.002397298,0.002368759,0.002340891,0.002313672,,,,,,,,,,,,,
87, 0.19623466237336168,0.09925823,0.066172154,0.049629115, 0.039703292159451606,0.033086077, 0.028359494399963138, 0.024814557600006577, 0.022057384533329213, 0.019851646079957836, 0.018046950981725044, 0.016543038399850916,0.015270497, 0.014179747199739778, 0.013234430719688306, 0.012407278799640603, 0.011677438870185122, 0.011028692266223817, 0.010448234778468613,0.009925823,0.009453165,0.009023475,0.00863115,0.008271519,0.007940658,0.007635248,0.007352462,0.007089874,0.006845395,0.006617215,0.006403757,0.006203639,0.00601565,0.005838719,0.005671899,0.005514346,0.00536531,0.005224117,0.005090166,0.004962912,0.004841865,0.004726582,0.004616662,0.004511738,0.004411477,0.004315575,0.004223754,0.00413576,0.004051356,0.003970329,0.00389248,0.003817624,0.003745594,0.003676231,0.00360939,0.003544937,0.003482745,0.003422698,0.003364686,0.003308608,0.003254368,0.003201878,0.003151055,0.00310182,0.003054099,0.003007825,0.002962932,0.00291936,0.00287705,0.002835949,0.002796006,0.002757173,0.002719404,0.002682655,0.002646886,0.002612059,0.002578136,0.002545083,0.002512867,0.002481456,0.002450821,0.002420932,0.002391765,0.002363291,0.002335488,0.002308331,0.002281798,,,,,,,,,,,,
88, 0.19581378431847402,0.099032259,0.066021506,0.049516129, 0.039612903499623174,0.033010753, 0.028294931071647437, 0.024758064687776367,0.022007169, 0.019806451750231453,0.018005865, 0.016505376458446408, 0.015235732115432945, 0.014147465535698945, 0.013204301166590401,0.012379032, 0.011650853970401377,0.011003584, 0.010424448289192556,0.009903226,0.009431644,0.009002933,0.008611501,0.008252688,0.007922581,0.007617866,0.007335723,0.007073733,0.006829811,0.006602151,0.006389178,0.006189516,0.006001955,0.005825427,0.005658986,0.005501792,0.005353095,0.005212224,0.005078577,0.004951613,0.004830842,0.004715822,0.004606152,0.004501466,0.004401434,0.00430575,0.004214139,0.004126344,0.004042133,0.00396129,0.003883618,0.003808933,0.003737066,0.003667861,0.003601173,0.003536866,0.003474816,0.003414905,0.003357026,0.003301075,0.003246959,0.003194589,0.003143881,0.003094758,0.003047146,0.003000978,0.002956187,0.002912713,0.0028705,0.002829493,0.002789641,0.002750896,0.002713213,0.002676548,0.00264086,0.002606112,0.002572266,0.002539289,0.002507146,0.002475806,0.002445241,0.002415421,0.002386319,0.002357911,0.002330171,0.002303076,0.002276604,0.002250733,,,,,,,,,,,
89, 0.19539928181080737,0.098809864,0.065873243, 0.049404932054964885,0.039523946, 0.032936621371062944, 0.028231389746875286, 0.024702466028650685, 0.021957747581086103, 0.019761972822995397, 0.017965429839075536, 0.016468310685789408, 0.015201517556071653, 0.014115694873446202, 0.013174648548496707, 0.012351233014160494, 0.011624689895624636, 0.010978873790256645, 0.010401038327557016,0.009880986,0.009410463,0.008982715,0.008592162,0.008234155,0.007904789,0.007600759,0.007319249,0.007057847,0.006814473,0.006587324,0.00637483,0.006175617,0.005988477,0.005812345,0.005646278,0.005489437,0.005341074,0.005200519,0.005067173,0.004940493,0.004819993,0.004705232,0.004595808,0.004491357,0.00439155,0.004296081,0.004204675,0.004117078,0.004033056,0.003952395,0.003874897,0.003800379,0.003728674,0.003659625,0.003593086,0.003528924,0.003467013,0.003407237,0.003349487,0.003293662,0.003239668,0.003187415,0.003136821,0.003087808,0.003040304,0.002994238,0.002949548,0.002906172,0.002864054,0.002823139,0.002783376,0.002744718,0.00270712,0.002670537,0.00263493,0.00260026,0.00256649,0.002533586,0.002501516,0.002470247,0.00243975,0.002409997,0.002380961,0.002352616,0.002324938,0.002297904,0.002271491,0.002245679,0.002220446,,,,,,,,,,
90, 0.1949909864228418,0.098590948,0.065727299,0.049295474, 0.039436379278828364,0.032863649, 0.028168842341783528, 0.024647737048906906, 0.021909099598878618, 0.019718189638850324,0.017925627,0.016431825, 0.015167838183406671, 0.014084421170210026, 0.013145459758775948, 0.012323868523774229, 0.011598935081128706,0.01095455, 0.010377994546155135,0.009859095,0.009389614,0.008962813,0.008573126,0.008215912,0.007887276,0.007583919,0.007303033,0.007042211,0.006799376,0.00657273,0.006360706,0.006161934,0.005975209,0.005799468,0.005633768,0.005477275,0.00532924,0.005188997,0.005055946,0.004929547,0.004809315,0.004694807,0.004585625,0.004481407,0.00438182,0.004286563,0.004195359,0.004107956,0.00402412,0.003943638,0.003866312,0.00379196,0.003720413,0.003651517,0.003585125,0.003521105,0.003459332,0.003399688,0.003342066,0.003286365,0.00323249,0.003180353,0.003129871,0.003080967,0.003033568,0.002987604,0.002943013,0.002899734,0.002857709,0.002816884,0.00277721,0.002738637,0.002701122,0.00266462,0.002629092,0.002594499,0.002560804,0.002527973,0.002495973,0.002464774,0.002434344,0.002404657,0.002375685,0.002347404,0.002319787,0.002292813,0.002266459,0.002240703,0.002215527,0.00219091,,,,,,,,,
91, 0.19458873595521414,0.098375417,0.065583611,0.049187708,0.039350167,0.032791806,0.028107262, 0.024593854129172334,0.021861204, 0.019675083303080786, 0.017886439366311412, 0.016395902752335597, 0.015134679463587299, 0.014053630930375982, 0.013116722201594936, 0.012296927063913912, 0.011573578413021406, 0.010930601834452814, 0.010355307000999178,0.009837542,0.009369087,0.00894322,0.008554384,0.008197951,0.007870033,0.00756734,0.007287068,0.007026815,0.006784511,0.006558361,0.006346801,0.006148464,0.005962146,0.005786789,0.005621452,0.005465301,0.00531759,0.005177654,0.005044893,0.004918771,0.004798801,0.004684544,0.004575601,0.00447161,0.004372241,0.004277192,0.004186188,0.004098976,0.004015323,0.003935017,0.003857859,0.00378367,0.00371228,0.003643534,0.003577288,0.003513408,0.003451769,0.003392256,0.00333476,0.003279181,0.003225423,0.003173401,0.003123029,0.003074232,0.003026936,0.002981073,0.00293658,0.002893395,0.002851461,0.002810726,0.002771138,0.00273265,0.002695217,0.002658795,0.002623344,0.002588827,0.002555206,0.002522447,0.002490517,0.002459385,0.002429023,0.0023994,0.002370492,0.002342272,0.002314716,0.0022878,0.002261504,0.002235805,0.002210684,0.00218612,0.002162097,,,,,,,,
92, 0.19419237424586702,0.098163178,0.065442119,0.049081589,0.039265271,0.032721059,0.028046622,0.024540795, 0.021814039599436143, 0.019632635639369414, 0.017847850581125438,0.01636053, 0.015102027414588062, 0.014023311170590762, 0.013088423759127468, 0.012270397274098654,0.011548609, 0.010907019799056183, 0.010332966125357116,0.009816318,0.009348874,0.008923925,0.008535929,0.008180265,0.007853054,0.007551014,0.007271347,0.007011656,0.006769874,0.006544212,0.006333108,0.006135199,0.005949284,0.005774305,0.005609324,0.00545351,0.005306118,0.005166483,0.005034009,0.004908159,0.004788448,0.004674437,0.004565729,0.004461963,0.004362808,0.004267964,0.004177157,0.004090132,0.00400666,0.003926527,0.003849536,0.003775507,0.003704271,0.003635673,0.00356957,0.003505828,0.003444322,0.003384937,0.003327565,0.003272106,0.003218465,0.003166554,0.003116291,0.003067599,0.003020405,0.002974642,0.002930244,0.002887152,0.00284531,0.002804662,0.00276516,0.002726755,0.002689402,0.002653059,0.002617685,0.002583242,0.002549693,0.002517005,0.002485144,0.002454079,0.002423782,0.002394224,0.002365378,0.002337219,0.002309722,0.002282865,0.002256625,0.002230981,0.002205914,0.002181404,0.002157432,0.002133982,,,,,,,
93, 0.1938017508144578,0.097954146,0.065302764,0.048977073, 0.039181658320789986,0.032651382, 0.027986898800591006,0.024488536,0.021767588, 0.019590829160149655,0.017809845,0.016325691, 0.015069868584434992, 0.013993449399735805, 0.013060552772996352, 0.012244268224599958, 0.011524017152486613, 0.010883793977276174, 0.010310962715247372,0.009795415,0.009328966,0.008904922,0.008517752,0.008162845,0.007836332,0.007534934,0.007255863,0.006996725,0.006755458,0.006530276,0.006319622,0.006122134,0.005936615,0.005762009,0.00559738,0.005441897,0.005294819,0.005155481,0.00502329,0.004897707,0.004778251,0.004664483,0.004556007,0.004452461,0.004353518,0.004258876,0.004168262,0.004081423,0.003998128,0.003918166,0.003841339,0.003767467,0.003696383,0.003627931,0.003561969,0.003498362,0.003436988,0.003377729,0.00332048,0.003265138,0.003211611,0.003159811,0.003109655,0.003061067,0.003013974,0.002968307,0.002924004,0.002881004,0.002839251,0.00279869,0.002759272,0.002720948,0.002683675,0.002647409,0.002612111,0.002577741,0.002544264,0.002511645,0.002479852,0.002448854,0.002418621,0.002389126,0.002360341,0.002332242,0.002304803,0.002278003,0.002251819,0.002226231,0.002201217,0.002176759,0.002152838,0.002129438,0.002106541,,,,,,
94, 0.1934167206129652,0.097748235,0.06516549, 0.048874117579415906, 0.039099294063912174, 0.032582745053399094, 0.027928067188645506, 0.024437058790019787, 0.021721830035495934,0.019549647,0.017772406, 0.016291372526354608, 0.015038190024230019, 0.013964033593834453, 0.013033098020823483, 0.012218529394438458, 0.011499792371157827,0.010860915, 0.010289287910898151,0.009774824,0.009309356,0.008886203,0.008499847,0.008145686,0.007819859,0.007519095,0.00724061,0.006982017,0.006741258,0.006516549,0.006306338,0.006109265,0.005924135,0.005749896,0.005585613,0.005430458,0.005283688,0.005144644,0.00501273,0.004887412,0.004768207,0.004654678,0.00454643,0.004443102,0.004344366,0.004249923,0.004159499,0.004072843,0.003989724,0.003909929,0.003833264,0.003759548,0.003688613,0.003620305,0.003554481,0.003491008,0.003429763,0.003370629,0.003313499,0.003258275,0.00320486,0.003153169,0.003103119,0.003054632,0.003007638,0.002962068,0.002917858,0.002874948,0.002833282,0.002792807,0.002753471,0.002715229,0.002678034,0.002641844,0.00260662,0.002572322,0.002538915,0.002506365,0.002474639,0.002443706,0.002413537,0.002384103,0.002355379,0.002327339,0.002299958,0.002273215,0.002247086,0.002221551,0.00219659,0.002172183,0.002148313,0.002124962,0.002102113,0.00207975,,,,,
95, 0.19303714377380282,0.097545365,0.065030243,0.048772683, 0.039018146087011804,0.032515122, 0.027870104348122586, 0.024386341304600916,0.021676748,0.019509073, 0.017735520948610434,0.016257561, 0.015006979264036864, 0.013935052173660247,0.013006049, 0.012193170651791188, 0.011475925319255455, 0.010838373912556999, 0.010267933180248259,0.009754537,0.009290035,0.00886776,0.008482206,0.00812878,0.007803629,0.00750349,0.007225583,0.006967526,0.006727267,0.006503024,0.006293249,0.006096585,0.00591184,0.005737963,0.005574021,0.005419187,0.005272722,0.005133967,0.005002326,0.004877268,0.00475831,0.004645017,0.004536994,0.00443388,0.00433535,0.004241103,0.004150867,0.00406439,0.003981443,0.003901815,0.003825308,0.003751745,0.003680957,0.003612791,0.003547104,0.003483763,0.003422644,0.003363633,0.003306623,0.003251512,0.003198209,0.003146625,0.003096678,0.003048293,0.003001396,0.00295592,0.002911802,0.002868981,0.002827402,0.00278701,0.002747757,0.002709593,0.002672476,0.002636361,0.00260121,0.002566983,0.002533646,0.002501163,0.002469503,0.002438634,0.002408528,0.002379155,0.002350491,0.002322509,0.002295185,0.002268497,0.002242422,0.00221694,0.002192031,0.002167675,0.002143854,0.002120551,0.00209775,0.002075433,0.002053587,,,,
96, 0.19266288538955556,0.097345458,0.064896972,0.048672729, 0.038938183153295274,0.032448486, 0.027812987966168528, 0.024336364470176647,0.021632324, 0.019469091575797386, 0.017699174159668585, 0.016224242979568152, 0.014976224288720606, 0.013906493982286099, 0.012979394383381918, 0.012168182234345966, 0.011452406808730699, 0.010816161985965803, 0.010246890302443116,0.009734546,0.009270996,0.008849587,0.008464822,0.008112121,0.007787637,0.007488112,0.007210775,0.006953247,0.00671348,0.006489697,0.006280352,0.006084091,0.005899725,0.005726203,0.005562598,0.005408081,0.005261917,0.005123445,0.004992075,0.004867273,0.004748559,0.004635498,0.004527696,0.004424794,0.004326465,0.004232411,0.00414236,0.004056061,0.003973284,0.003893818,0.003817469,0.003744056,0.003673414,0.003605387,0.003539835,0.003476623,0.00341563,0.00335674,0.003299846,0.003244849,0.003191654,0.003140176,0.003090332,0.003042046,0.002995245,0.002949862,0.002905835,0.002863102,0.002821607,0.002781299,0.002742126,0.00270404,0.002666999,0.002630958,0.002595879,0.002561723,0.002528453,0.002496037,0.002464442,0.002433636,0.002403592,0.002374279,0.002345674,0.002317749,0.002290481,0.002263848,0.002237827,0.002212397,0.002187538,0.002163232,0.002139461,0.002116206,0.002093451,0.00207118,0.002049378,0.00202803,,,
97, 0.19229381522050953,0.097148438,0.064765625,0.048574219,0.038859375,0.032382813, 0.027756696542785588,0.024287109, 0.021588541755116774, 0.019429687579434116, 0.017663352344789263, 0.016191406315924025, 0.014945913522274501, 0.013878348270580444, 0.012953125052450833, 0.012143554736592286, 0.011429227987309795, 0.010794270876840548,0.010226151,0.009714844,0.009252232,0.008831676,0.00844769,0.008095703,0.007771875,0.007472957,0.007196181,0.006939174,0.006699892,0.006476563,0.006267641,0.006071777,0.005887784,0.005714614,0.005551339,0.005397135,0.005251267,0.005113076,0.004981971,0.004857422,0.004738948,0.004626116,0.004518532,0.004415838,0.004317708,0.004223845,0.004133976,0.004047852,0.003965242,0.003885938,0.003809743,0.003736478,0.003665979,0.00359809,0.00353267,0.003469587,0.003408717,0.003349946,0.003293167,0.003238281,0.003185195,0.003133821,0.003084077,0.003035889,0.002989183,0.002943892,0.002899953,0.002857307,0.002815897,0.00277567,0.002736576,0.002698568,0.002661601,0.002625633,0.002590625,0.002556538,0.002523336,0.002490986,0.002459454,0.002428711,0.002398727,0.002369474,0.002340926,0.002313058,0.002285846,0.002259266,0.002233297,0.002207919,0.002183111,0.002158854,0.002135131,0.002111923,0.002089214,0.002066988,0.00204523,0.002023926,0.002003061,,
98, 0.19192980758221181,0.096954233,0.064636155, 0.048477116350568526,0.038781693, 0.032318077566750335, 0.027701209342718035,0.024238558,0.021545385, 0.019390846539400035,0.017628042, 0.016159038782557547, 0.014916035799162834, 0.013850604670543474, 0.012927231025744647, 0.012119279086550083, 0.011406380316676672, 0.010772692521237488, 0.010205708704269133,0.009695423,0.009233736,0.008814021,0.008430803,0.008079519,0.007756339,0.007458018,0.007181795,0.006925302,0.006686499,0.006463616,0.006255112,0.00605964,0.005876014,0.00570319,0.005540242,0.005386346,0.005240769,0.005102854,0.004972012,0.004847712,0.004729475,0.004616868,0.004509499,0.004407011,0.004309077,0.004215401,0.004125712,0.00403976,0.003957316,0.003878169,0.003802127,0.003729009,0.00365865,0.003590898,0.003525608,0.003462651,0.003401903,0.003343249,0.003286584,0.003231808,0.003178827,0.003127556,0.003077912,0.00302982,0.002983207,0.002938007,0.002894156,0.002851595,0.002810268,0.002770121,0.002731105,0.002693173,0.00265628,0.002620385,0.002585446,0.002551427,0.002518292,0.002486006,0.002454538,0.002423856,0.002393932,0.002364737,0.002336247,0.002308434,0.002281276,0.00225475,0.002228833,0.002203505,0.002178747,0.002154539,0.002130862,0.002107701,0.002085037,0.002062856,0.002041142,0.00201988,0.001999056,0.001978658,
99, 0.19157074108035785,0.096762772,0.064508515,0.048381386, 0.038705108914559146,0.032254257, 0.027646506367227156, 0.024190693071134747, 0.021502838285272725, 0.019352554456578526, 0.017593231324010198,0.016127129, 0.014886580350834816, 0.013823253182806736, 0.012901702970519596, 0.012095346534772202, 0.011383855562057645, 0.010751419141870461, 0.010185554976443148,0.009676277,0.009215502,0.008796616,0.008414154,0.008063564,0.007741022,0.00744329,0.007167613,0.006911627,0.006673295,0.006450851,0.00624276,0.006047673,0.00586441,0.005691928,0.005529301,0.00537571,0.00523042,0.005092777,0.004962193,0.004838139,0.004720135,0.004607751,0.004500594,0.004398308,0.004300568,0.004207077,0.004117565,0.004031782,0.003949501,0.003870511,0.003794619,0.003721645,0.003651425,0.003583806,0.003518646,0.003455813,0.003395185,0.003336647,0.003280094,0.003225426,0.00317255,0.00312138,0.003071834,0.003023837,0.002977316,0.002932205,0.002888441,0.002845964,0.002804718,0.002764651,0.002725712,0.002687855,0.002651035,0.00261521,0.002580341,0.002546389,0.002513319,0.002481097,0.00244969,0.002419069,0.002389204,0.002360068,0.002331633,0.002303876,0.002276771,0.002250297,0.002224432,0.002199154,0.002174444,0.002150284,0.002126654,0.002103539,0.00208092,0.002058782,0.002037111,0.002015891,0.001995109,0.00197475,0.001954803